"Run","Mode","CourseId","HttpStatus","LatencyMs","Timestamp"
"1","MISS","1","200","62.778200","2026-10-04T17:02:28.8681831+07:00"
"2","MISS","1","200","40.516100","2026-10-04T17:02:29.2689271+07:00"
"3","MISS","1","200","32.771300","2026-10-04T17:02:29.6114118+07:00"
"4","MISS","1","200","56.785300","2026-10-04T17:02:29.8958122+07:00"
"5","MISS","1","200","31.497700","2026-10-04T17:02:30.2519361+07:00"
"6","MISS","1","200","37.400400","2026-10-04T17:02:30.5991712+07:00"
"7","MISS","1","200","26.989600","2026-10-04T17:02:30.9107268+07:00"
"8","MISS","1","200","44.084000","2026-10-04T17:02:31.1901545+07:00"
"9","MISS","1","200","25.106400","2026-10-04T17:02:31.4757767+07:00"
"10","MISS","1","200","51.861500","2026-10-04T17:02:31.7562846+07:00"
"11","MISS","1","200","23.442700","2026-10-04T17:02:32.1046076+07:00"
"12","MISS","1","200","28.836000","2026-10-04T17:02:32.3807996+07:00"
"13","MISS","1","200","46.081200","2026-10-04T17:02:32.7087467+07:00"
"14","MISS","1","200","25.028600","2026-10-04T17:02:33.0301993+07:00"
"15","MISS","1","200","90.564100","2026-10-04T17:02:33.3405310+07:00"
"16","MISS","1","200","94.778300","2026-10-04T17:02:33.7360925+07:00"
"17","MISS","1","200","26.686900","2026-10-04T17:02:34.2661035+07:00"
"18","MISS","1","200","26.583000","2026-10-04T17:02:34.5468323+07:00"
"19","MISS","1","200","124.170000","2026-10-04T17:02:34.8495065+07:00"
"20","MISS","1","200","24.613300","2026-10-04T17:02:35.2376933+07:00"
"21","MISS","1","200","39.466400","2026-10-04T17:02:35.5479058+07:00"
"22","MISS","1","200","28.944000","2026-10-04T17:02:35.8582509+07:00"
"23","MISS","1","200","28.457700","2026-10-04T17:02:36.1597656+07:00"
"24","MISS","1","200","59.717100","2026-10-04T17:02:36.5039665+07:00"
"25","MISS","1","200","83.375700","2026-10-04T17:02:36.9465157+07:00"
"26","MISS","1","200","38.304100","2026-10-04T17:02:37.3088154+07:00"
"27","MISS","1","200","53.151800","2026-10-04T17:02:37.6714640+07:00"
"28","MISS","1","200","43.116100","2026-10-04T17:02:38.0051851+07:00"
"29","MISS","1","200","33.285500","2026-10-04T17:02:38.4083474+07:00"
"30","MISS","1","200","29.463000","2026-10-04T17:02:38.7431890+07:00"
"31","MISS","1","200","38.726100","2026-10-04T17:02:39.0679878+07:00"
"32","MISS","1","200","28.813900","2026-10-04T17:02:39.4091717+07:00"
"33","MISS","1","200","34.427400","2026-10-04T17:02:39.7572858+07:00"
"34","MISS","1","200","43.090400","2026-10-04T17:02:40.0747641+07:00"
"35","MISS","1","200","33.901300","2026-10-04T17:02:40.4040740+07:00"
"36","MISS","1","200","38.192600","2026-10-04T17:02:40.7272586+07:00"
"37","MISS","1","200","33.564100","2026-10-04T17:02:41.0795849+07:00"
"38","MISS","1","200","67.449700","2026-10-04T17:02:41.3588630+07:00"
"39","MISS","1","200","32.473000","2026-10-04T17:02:41.8534178+07:00"
"40","MISS","1","200","28.073800","2026-10-04T17:02:42.1487393+07:00"
"41","MISS","1","200","77.573900","2026-10-04T17:02:42.4429799+07:00"
"42","MISS","1","200","37.294200","2026-10-04T17:02:42.7826663+07:00"
"43","MISS","1","200","23.121200","2026-10-04T17:02:43.0948703+07:00"
"44","MISS","1","200","46.097100","2026-10-04T17:02:43.3560320+07:00"
"45","MISS","1","200","30.245900","2026-10-04T17:02:43.6688887+07:00"
"46","MISS","1","200","26.604400","2026-10-04T17:02:43.9808040+07:00"
"47","MISS","1","200","30.628200","2026-10-04T17:02:44.2665264+07:00"
"48","MISS","1","200","23.214700","2026-10-04T17:02:44.6183219+07:00"
"49","MISS","1","200","50.738200","2026-10-04T17:02:44.9717431+07:00"
"50","MISS","1","200","23.983400","2026-10-04T17:02:45.3758978+07:00"
"51","MISS","1","200","21.369200","2026-10-04T17:02:45.6943162+07:00"
"52","MISS","1","200","30.683200","2026-10-04T17:02:45.9460067+07:00"
"53","MISS","1","200","138.636500","2026-10-04T17:02:46.2339446+07:00"
"54","MISS","1","200","23.137200","2026-10-04T17:02:46.6357366+07:00"
"55","MISS","1","200","34.168200","2026-10-04T17:02:46.9409415+07:00"
"56","MISS","1","200","21.462700","2026-10-04T17:02:47.2483503+07:00"
"57","MISS","1","200","31.373800","2026-10-04T17:02:47.5528126+07:00"
"58","MISS","1","200","39.573900","2026-10-04T17:02:47.8530613+07:00"
"59","MISS","1","200","31.885700","2026-10-04T17:02:48.2184510+07:00"
"60","MISS","1","200","26.116500","2026-10-04T17:02:48.4920085+07:00"
"61","MISS","1","200","23.198400","2026-10-04T17:02:48.7730957+07:00"
"62","MISS","1","200","22.106700","2026-10-04T17:02:49.0575620+07:00"
"63","MISS","1","200","24.572800","2026-10-04T17:02:49.3462560+07:00"
"64","MISS","1","200","29.884100","2026-10-04T17:02:49.6952845+07:00"
"65","MISS","1","200","23.754800","2026-10-04T17:02:50.0251072+07:00"
"66","MISS","1","200","32.191600","2026-10-04T17:02:50.2854246+07:00"
"67","MISS","1","200","20.895500","2026-10-04T17:02:50.6340831+07:00"
"68","MISS","1","200","25.843100","2026-10-04T17:02:50.9426661+07:00"
"69","MISS","1","200","23.336800","2026-10-04T17:02:51.2783736+07:00"
"70","MISS","1","200","27.984900","2026-10-04T17:02:51.5790255+07:00"
"71","MISS","1","200","20.017500","2026-10-04T17:02:51.8687907+07:00"
"72","MISS","1","200","24.718300","2026-10-04T17:02:52.2310747+07:00"
"73","MISS","1","200","14.859900","2026-10-04T17:02:52.5876754+07:00"
"74","MISS","1","200","19.633600","2026-10-04T17:02:52.8967350+07:00"
"75","MISS","1","200","15.763500","2026-10-04T17:02:53.2247694+07:00"
"76","MISS","1","200","14.446100","2026-10-04T17:02:53.5700586+07:00"
"77","MISS","1","200","15.021200","2026-10-04T17:02:53.8692294+07:00"
"78","MISS","1","200","17.494600","2026-10-04T17:02:54.1759554+07:00"
"79","MISS","1","200","13.708300","2026-10-04T17:02:54.4903911+07:00"
"80","MISS","1","200","12.966000","2026-10-04T17:02:54.7506251+07:00"
"81","MISS","1","200","14.665000","2026-10-04T17:02:55.0365946+07:00"
"82","MISS","1","200","13.862200","2026-10-04T17:02:55.3389245+07:00"
"83","MISS","1","200","19.960300","2026-10-04T17:02:55.6628754+07:00"
"84","MISS","1","200","21.422700","2026-10-04T17:02:55.9757545+07:00"
"85","MISS","1","200","13.088900","2026-10-04T17:02:56.2842409+07:00"
"86","MISS","1","200","13.491400","2026-10-04T17:02:56.5345695+07:00"
"87","MISS","1","200","12.392500","2026-10-04T17:02:56.8150814+07:00"
"88","MISS","1","200","13.927900","2026-10-04T17:02:57.0669318+07:00"
"89","MISS","1","200","20.800700","2026-10-04T17:02:57.3588054+07:00"
"90","MISS","1","200","24.386800","2026-10-04T17:02:57.7258592+07:00"
"91","MISS","1","200","86.970800","2026-10-04T17:02:58.0639607+07:00"
"92","MISS","1","200","39.094100","2026-10-04T17:02:58.5502027+07:00"
"93","MISS","1","200","27.019500","2026-10-04T17:02:58.8688527+07:00"
"94","MISS","1","200","120.273300","2026-10-04T17:02:59.2893880+07:00"
"95","MISS","1","200","34.457700","2026-10-04T17:02:59.6885763+07:00"
"96","MISS","1","200","42.874800","2026-10-04T17:03:00.2569025+07:00"
"97","MISS","1","200","28.535800","2026-10-04T17:03:00.6199697+07:00"
"98","MISS","1","200","38.237300","2026-10-04T17:03:01.3476105+07:00"
"99","MISS","1","200","32.397500","2026-10-04T17:03:01.6594250+07:00"
"100","MISS","1","200","51.418600","2026-10-04T17:03:01.9434720+07:00"
